{"population":{"0":{"weights":{"pieces":1.3825112345895665,"kings":1.2684257782912054,"avrDist":0.014945910670086472,"backline":-0.40682499860813015,"corners":-1.4946571859730864,"edges":0.9454279399369773,"centre2":-0.39704197994754575,"centre4":0.34094703995880127,"centre8":1.0530416333691923,"defended":1.7129612495471096,"attacks":1.7122530060495553},"score":24.5,"evaluationDB":{}},"1":{"weights":{"pieces":1.1820806043426635,"kings":1.4073682914225674,"avrDist":-0.0884167249433862,"backline":-0.2777656967604598,"corners":-1.362132453016379,"edges":0.9411547330478045,"centre2":-0.13818998467579993,"centre4":0.14683116808019114,"centre8":1.4230423195293622,"defended":1.873570745786911,"attacks":1.4095411129653628},"score":21,"evaluationDB":{}},"2":{"weights":{"pieces":-1.4824674418069557,"kings":1.7895430317879293,"avrDist":1.2300588034846478,"backline":1.940499710057197,"corners":0.41012489570929445,"edges":0.19874975952165386,"centre2":0.4036383358833624,"centre4":-1.4804244119292718,"centre8":0.20200532745283395,"defended":-0.4927562842731721,"attacks":-0.6054018532566583},"score":14.5,"evaluationDB":{}},"3":{"weights":{"pieces":-1.606313375887007,"kings":0.05235665923017274,"avrDist":0.7679853286974705,"backline":0.335590592837383,"corners":0.21068211708171258,"edges":-1.2266822139709608,"centre2":-0.04969203824449808,"centre4":-0.09373069787951627,"centre8":0.4940343772068907,"defended":-0.783205491404869,"attacks":1.4096149892248095},"score":4.5,"evaluationDB":{}},"4":{"weights":{"pieces":1.026937503905563,"kings":1.461120589734807,"avrDist":-0.18237175481233103,"backline":-0.33025410798505855,"corners":-1.5448874023613155,"edges":0.7112121340000256,"centre2":-0.11478141604171727,"centre4":0.18318007003073428,"centre8":1.3582162784945506,"defended":1.9833225936501293,"attacks":1.1985724395454702},"score":20,"evaluationDB":{}},"5":{"weights":{"pieces":1.4936762105489034,"kings":1.6583806442254134,"avrDist":0.1087389882991678,"backline":-0.3462740554149041,"corners":-1.4947319047660694,"edges":0.962661738540587,"centre2":-0.07116729970380604,"centre4":0.28239214241915067,"centre8":1.4201833289588404,"defended":1.7702125901217762,"attacks":1.2243951049555726},"score":22.5,"evaluationDB":{}},"6":{"weights":{"pieces":1.4614066363299991,"kings":1.3790448909162165,"avrDist":0.07597085970649958,"backline":-0.4311381282677822,"corners":-1.4894649576342505,"edges":0.9882634915678656,"centre2":-0.5070062363162965,"centre4":0.2760505556492667,"centre8":1.2027686124397612,"defended":1.7528143090192754,"attacks":1.682328221372361},"score":17,"evaluationDB":{}},"7":{"weights":{"pieces":1.3601921470641711,"kings":1.6820547609496308,"avrDist":0.16305089228481023,"backline":-0.4527990124890193,"corners":-1.5900212557244755,"edges":0.9571731688692481,"centre2":-0.03184543296575734,"centre4":0.24206674229430689,"centre8":1.3666870762808596,"defended":1.801140068461362,"attacks":1.34425963404016},"score":22,"evaluationDB":{}},"8":{"weights":{"pieces":1.3606362140856882,"kings":1.5650612203246845,"avrDist":0.04880591522287604,"backline":-0.4248219845678709,"corners":-1.6073040324246104,"edges":0.9468248567625405,"centre2":0.07408647861979216,"centre4":0.3065133821536511,"centre8":1.5113476660028162,"defended":1.828349447606021,"attacks":1.281778481685286},"score":15.5,"evaluationDB":{}},"9":{"weights":{"pieces":1.3229676396157677,"kings":1.3528869186433126,"avrDist":-0.005695844034268916,"backline":-0.4568863550938507,"corners":-1.5779633316116362,"edges":1.0567887577002881,"centre2":-0.3833989831300433,"centre4":0.2772059379572212,"centre8":1.1270306376384525,"defended":1.72898378355021,"attacks":1.7762825928116872},"score":20.5,"evaluationDB":{}},"10":{"weights":{"pieces":0.9953767274717966,"kings":1.3529396691790083,"avrDist":-0.23420516532537722,"backline":-0.35263470033941297,"corners":-1.5344673366393946,"edges":0.7038444866970506,"centre2":-0.2413104212739225,"centre4":0.29997344853413,"centre8":1.3244643451485694,"defended":1.9508723569959854,"attacks":1.1984865686486583},"score":21.5,"evaluationDB":{}},"11":{"weights":{"pieces":1.4735808250884816,"kings":1.5788427486914154,"avrDist":-0.05092599192433392,"backline":-0.4344065688155745,"corners":-1.4487946981152964,"edges":0.9093834830121926,"centre2":-0.08206272809555676,"centre4":0.08890396311361676,"centre8":1.3020423530438223,"defended":1.7810811343378878,"attacks":1.3511204936365528},"score":20.5,"evaluationDB":{}},"12":{"weights":{"pieces":1.891993412087358,"kings":1.223039973983234,"avrDist":0.6501644095125443,"backline":-1.094868805677755,"corners":-0.6745264957626602,"edges":-0.08856647366860293,"centre2":0.11353556205603563,"centre4":1.1633328713690512,"centre8":1.4955991511718287,"defended":1.8612292246988213,"attacks":0.9289559167422728},"score":20.5,"evaluationDB":{}},"13":{"weights":{"pieces":1.0625898258712503,"kings":1.4305603282130377,"avrDist":-0.1808960763585779,"backline":-0.4011033494351187,"corners":-1.431334489040484,"edges":0.794767254599142,"centre2":-0.17432768519901515,"centre4":0.21180705491999968,"centre8":1.229491528722106,"defended":1.9502157676454177,"attacks":1.351070232357634},"score":22,"evaluationDB":{}},"14":{"weights":{"pieces":1.3455807413960574,"kings":1.7209421152511868,"avrDist":0.11250230907264414,"backline":-0.4281702736952563,"corners":-1.4725787904938994,"edges":0.953690988315695,"centre2":0.00960211507567025,"centre4":0.16260047205620726,"centre8":1.392758876286311,"defended":1.7962963142618213,"attacks":1.459057441729747},"score":26.5,"evaluationDB":{}},"15":{"weights":{"pieces":1.823313795385309,"kings":1.3678157882990187,"avrDist":0.6020936038702138,"backline":-1.0855339057576163,"corners":-0.6780521860408537,"edges":0.01863285330529213,"centre2":0.06928992453449154,"centre4":1.2402498382401324,"centre8":1.5003975785413053,"defended":1.8659481173198316,"attacks":0.8409988304844519},"score":19,"evaluationDB":{}},"16":{"weights":{"pieces":1.9242079895414517,"kings":1.3584608176642274,"avrDist":0.5542355192580352,"backline":-1.1591958823456643,"corners":-0.5079351857393217,"edges":0.0012662883194320823,"centre2":0.03562728356080844,"centre4":1.0990877938361632,"centre8":1.4605379632144475,"defended":1.8436448682051751,"attacks":0.9517887582360671},"score":18.5,"evaluationDB":{}},"17":{"weights":{"pieces":-0.21233687010511415,"kings":-0.006820639919377841,"avrDist":-0.45540673434761497,"backline":0.8093305740919249,"corners":0.5347680024507768,"edges":0.7206802904038668,"centre2":-0.7322778629244681,"centre4":-1.421294751954787,"centre8":-1.1325000734420247,"defended":-1.8318285532504037,"attacks":1.5516396822536844},"score":13,"evaluationDB":{}},"18":{"weights":{"pieces":1.3345999650028508,"kings":1.7040821928435474,"avrDist":0.0819472677898834,"backline":-0.5521482819158134,"corners":-1.6335848546411214,"edges":0.8098464234824007,"centre2":0.06509431683104644,"centre4":0.1591773464574862,"centre8":1.419653671676373,"defended":1.8796242905808591,"attacks":1.3338111658242968},"score":17,"evaluationDB":{}},"19":{"weights":{"pieces":1.0541442566740173,"kings":1.3522102334526147,"avrDist":-0.2009156811428281,"backline":-0.295590145788423,"corners":-1.5684068616552675,"edges":0.7582468294399461,"centre2":-0.2148618284461618,"centre4":0.3014273357138013,"centre8":1.1943564077601638,"defended":1.859120721268805,"attacks":1.2305987412677848},"score":19.5,"evaluationDB":{}}},"testScore":{"naive":{"score":0.4,"winloss":0.25,"wins":2,"losses":6,"draws":12,"lossRate":0.3,"winRate":0.1,"botType":"naive"},"guided":{"score":0.5,"winloss":0.5,"wins":5,"losses":5,"draws":10,"lossRate":0.25,"winRate":0.25,"botType":"guided"},"testTime":169921.39140000194},"generation":27,"generation time":1140650.1585999988}