{"weights":{"pieces":0.7571943805630079,"kings":0.12523332940332887,"avrDist":0.41531472219159227,"backline":-0.20950427002607594,"corners":-0.25768434162632714,"edges":0.7140463207037631,"centre2":-0.5618150784279948,"centre4":0.1584770220072288,"centre8":0.7016744833244523,"defended":0.7919656304953537,"attacks":-0.44888534381437817},"generations":30}
{"weights":{"pieces":1.7756285968242005,"kings":1.5467167132559736,"avrDist":-0.2962853597591683,"backline":-0.17360000090256195,"corners":-0.1878422507437819,"edges":1.4840100045010622,"centre2":-0.8072967104052339,"centre4":1.9973184059315516,"centre8":-0.116433740655608,"defended":0.8409438989009399,"attacks":1.8613115464983263},"generations":20}
{"weights":{"pieces":1.756302326247522,"kings":0.8567969368074076,"avrDist":-0.25297474365686123,"backline":0.992095794293933,"corners":-0.47994885605186144,"edges":-1.0716758656930971,"centre2":-0.6380895504444248,"centre4":2.143217673070415,"centre8":0.6860489789007094,"defended":1.3396072214699521,"attacks":-1.6550817558581943},"generations":20}
{"weights":{"pieces":1.1425289701563575,"kings":0.08814012752047662,"avrDist":0.3184607216491176,"backline":0.3874372543262401,"corners":-0.6722523294314812,"edges":1.3881778408758452,"centre2":0.12406240378353177,"centre4":-1.5791081683642783,"centre8":1.908243106082043,"defended":0.7466636693985129,"attacks":0.3633954971021891},"generations":40}
{"weights":{"pieces":-1.5262640501760942,"kings":-1.1319794994127097,"avrDist":1.1633785789572255,"backline":-1.9948681798304815,"corners":-0.79670306432519,"edges":-1.2035769446204787,"centre2":-1.3711588826162235,"centre4":0.9020387358319497,"centre8":1.9875730005269108,"defended":-1.9544889257083162,"attacks":1.7500406497408743},"generations":40}
{"weights":{"pieces":1.5879142388759169,"kings":0.4951015453507402,"avrDist":0.6940122097219179,"backline":1.5481684650492593,"corners":-0.0040389746440578815,"edges":1.1276376926012333,"centre2":-0.5307502181306911,"centre4":1.7270514085600235,"centre8":-0.701279412594204,"defended":0.9157526549127614,"attacks":1.567961146037185},"generations":15}{"weights":{"pieces":1.5627700947040082,"kings":0.6868770645494625,"avrDist":-0.7987245673370937,"backline":1.7044048602392752,"corners":0.9307079574496108,"edges":0.18072049846322283,"centre2":-0.7213455972094117,"centre4":-1.3075548285130316,"centre8":1.7450524695344527,"defended":-0.9902144711125317,"attacks":1.6549136337569015},"generations":20}
{"weights":{"pieces":1.8333569364744982,"kings":1.8791341080066002,"avrDist":-1.6686747941534534,"backline":0.5966063391857809,"corners":1.087789069153452,"edges":1.3904283312841985,"centre2":-0.693271904324373,"centre4":1.3931344968943977,"centre8":0.7139346385948768,"defended":-0.6205893407176308,"attacks":0.22080329393594073},"generations":20}
{"weights":{"pieces":1.8482357919235084,"kings":1.6280414965022525,"avrDist":0.9174010602121079,"backline":1.0077182303937515,"corners":0.42703634213792363,"edges":-0.5415516949541854,"centre2":-0.4418045068716413,"centre4":1.4119964174384638,"centre8":1.6107144227632095,"defended":-0.3346311958257865,"attacks":1.129825156569202},"generations":30}
{"weights":{"pieces":1.4108911984493546,"kings":0.49972820197665685,"avrDist":0.9386468340025729,"backline":2.096098947239599,"corners":0.1433075922874103,"edges":1.078047547141283,"centre2":-1.8939243617209502,"centre4":1.1023252166592215,"centre8":1.1572500311303122,"defended":-1.1549385115314297,"attacks":0.06976331640033073},"generations":20}
{"weights":{"pieces":1.8932217415436376,"kings":1.8137898007202429,"avrDist":1.322348746187581,"backline":1.5029908865062245,"corners":1.3187234132958041,"edges":1.4010843787202432,"centre2":0.27986887277485906,"centre4":1.2018078364612843,"centre8":1.134183644499947,"defended":-0.6318877897947894,"attacks":0.0534546577302728},"generations":35}
{"weights":{"pieces":1,"kings":1,"avrDist":0,"backline":0,"corners":0,"edges":0,"centre2":0,"centre4":0,"centre8":0,"defended":0,"attacks":0},"generations":30}
{"weights":{"pieces":1,"kings":1,"avrDist":0,"backline":0,"corners":0,"edges":0,"centre2":0,"centre4":0,"centre8":0,"defended":0,"attacks":0},"generations":30}
{"weights":{"pieces":-0.1940221820412127,"kings":-0.9814239046487965,"avrDist":1.7251578281246678,"backline":2.0700589857215994,"corners":-0.30995226662446607,"edges":1.4284680033642145,"centre2":0.39935312569683773,"centre4":0.26046208800860327,"centre8":0.3349724524458556,"defended":0.08745529559263765,"attacks":-1.047504502547528},"generations":30}
{"weights":{"pieces":1,"kings":1,"avrDist":0,"backline":0,"corners":0,"edges":0,"centre2":0,"centre4":0,"centre8":0,"defended":0,"attacks":0},"generations":11}
{"weights":{"pieces":1.7640056010128198,"kings":-1.654319359534087,"avrDist":1.521731501244732,"backline":2.03973709579071,"corners":-1.0030969178205429,"edges":-0.5936325049663059,"centre2":-0.15282693442759884,"centre4":1.02636892855758,"centre8":0.9543306335692407,"defended":-0.15052953408257247,"attacks":0.28703980991975486},"generations":30}
{"weights":{"pieces":1,"kings":1,"avrDist":0,"backline":0,"corners":0,"edges":0,"centre2":0,"centre4":0,"centre8":0,"defended":0,"attacks":0},"generations":30}
{"weights":{"pieces":1,"kings":1,"avrDist":0,"backline":0,"corners":0,"edges":0,"centre2":0,"centre4":0,"centre8":0,"defended":0,"attacks":0},"generations":30}
{"weights":{"pieces":1,"kings":1,"avrDist":0,"backline":0,"corners":0,"edges":0,"centre2":0,"centre4":0,"centre8":0,"defended":0,"attacks":0},"generations":4}
{"weights":{"pieces":1,"kings":1,"avrDist":0,"backline":0,"corners":0,"edges":0,"centre2":0,"centre4":0,"centre8":0,"defended":0,"attacks":0},"generations":4}
{"weights":{"pieces":0.9087557202885417,"kings":1.3978854225775035,"avrDist":-0.26915741568237594,"backline":-0.23512948200574083,"corners":-1.4472872271946216,"edges":0.7809644708207608,"centre2":-0.30086806498206536,"centre4":0.2469362646891149,"centre8":1.2041383473937293,"defended":1.9076952210449156,"attacks":1.3596841662307262},"generations":4}
{"weights":{"pieces":1,"kings":1,"avrDist":0,"backline":0,"corners":0,"edges":0,"centre2":0,"centre4":0,"centre8":0,"defended":0,"attacks":0},"generations":4}
{"weights":{"pieces":1,"kings":1,"avrDist":0,"backline":0,"corners":0,"edges":0,"centre2":0,"centre4":0,"centre8":0,"defended":0,"attacks":0},"generations":4}
{"weights":{"pieces":1,"kings":1,"avrDist":0,"backline":0,"corners":0,"edges":0,"centre2":0,"centre4":0,"centre8":0,"defended":0,"attacks":0},"generations":4}
{"weights":{"pieces":1,"kings":1,"avrDist":0,"backline":0,"corners":0,"edges":0,"centre2":0,"centre4":0,"centre8":0,"defended":0,"attacks":0},"generations":4}
{"weights":{"pieces":1.891993412087358,"kings":1.223039973983234,"avrDist":0.6501644095125443,"backline":-1.094868805677755,"corners":-0.6745264957626602,"edges":-0.08856647366860293,"centre2":0.11353556205603563,"centre4":1.1633328713690512,"centre8":1.4955991511718287,"defended":1.8612292246988213,"attacks":0.9289559167422728},"generations":4}
{"weights":{"pieces":1,"kings":1,"avrDist":0,"backline":0,"corners":0,"edges":0,"centre2":0,"centre4":0,"centre8":0,"defended":0,"attacks":0},"generations":4}
{"weights":{"pieces":1.5228380384280937,"kings":1.509034088073952,"avrDist":-0.040017550567173404,"backline":-0.43109494698454903,"corners":-1.5120516645353297,"edges":1.0962805140102887,"centre2":-0.04747575596428691,"centre4":0.3924424770641076,"centre8":1.453897991697583,"defended":1.862986276930035,"attacks":1.4163617940532378},"generations":4}
{"weights":{"pieces":1.891993412087358,"kings":1.223039973983234,"avrDist":0.6501644095125443,"backline":-1.094868805677755,"corners":-0.6745264957626602,"edges":-0.08856647366860293,"centre2":0.11353556205603563,"centre4":1.1633328713690512,"centre8":1.4955991511718287,"defended":1.8612292246988213,"attacks":0.9289559167422728},"generations":4}
{"weights":{"pieces":1.891993412087358,"kings":1.223039973983234,"avrDist":0.6501644095125443,"backline":-1.094868805677755,